model,N,random_state,battery_id,source_batch,target_cycle_life,predicted_cycle_life,error,abs_error,percentage_error
RandomForest,30,0,2017-05-12_batchdata_updated_struct_errorcorrect_cell_003,batch1,1177.0,1084.6421364087307,-92.35786359126928,92.35786359126928,7.846887305970202
RandomForest,30,0,2017-05-12_batchdata_updated_struct_errorcorrect_cell_008,batch1,870.0,952.8901106150785,82.89011061507847,82.89011061507847,9.527598921273388
RandomForest,30,0,2017-05-12_batchdata_updated_struct_errorcorrect_cell_010,batch1,1054.0,915.3196860119049,-138.68031398809512,138.68031398809512,13.157525046308836
RandomForest,30,0,2017-05-12_batchdata_updated_struct_errorcorrect_cell_015,batch1,880.0,839.1174533730156,-40.882546626984436,40.882546626984436,4.645743934884595
RandomForest,30,0,2017-05-12_batchdata_updated_struct_errorcorrect_cell_021,batch1,534.0,804.4139751984129,270.4139751984129,270.4139751984129,50.63932119820467
RandomForest,30,0,2017-05-12_batchdata_updated_struct_errorcorrect_cell_028,batch1,842.0,826.5272862103182,-15.472713789681848,15.472713789681848,1.837614464332761
RandomForest,30,0,2017-05-12_batchdata_updated_struct_errorcorrect_cell_030,batch1,917.0,858.3110679563501,-58.68893204364986,58.68893204364986,6.400101640528883
RandomForest,30,0,2017-06-30_batchdata_updated_struct_errorcorrect_cell_003,batch2,438.0,477.6495982593795,39.6495982593795,39.6495982593795,9.05241969392226
RandomForest,30,0,2017-06-30_batchdata_updated_struct_errorcorrect_cell_005,batch2,444.0,551.2017951388889,107.20179513888888,107.20179513888888,24.144548454704704
RandomForest,30,0,2017-06-30_batchdata_updated_struct_errorcorrect_cell_011,batch2,561.0,479.2159211309522,-81.78407886904779,81.78407886904779,14.578267178083385
RandomForest,30,0,2017-06-30_batchdata_updated_struct_errorcorrect_cell_013,batch2,458.0,500.1428224206352,42.142822420635184,42.142822420635184,9.201489611492399
RandomForest,30,0,2017-06-30_batchdata_updated_struct_errorcorrect_cell_019,batch2,487.0,491.5432251984127,4.543225198412699,4.543225198412699,0.9329004514194454
RandomForest,30,0,2017-06-30_batchdata_updated_struct_errorcorrect_cell_021,batch2,502.0,501.86212847222254,-0.13787152777746314,0.13787152777746314,0.027464447764434886
RandomForest,30,0,2017-06-30_batchdata_updated_struct_errorcorrect_cell_026,batch2,461.0,510.8754737103173,49.875473710317294,49.875473710317294,10.818974774472299
RandomForest,30,0,2017-06-30_batchdata_updated_struct_errorcorrect_cell_028,batch2,468.0,489.4024384920639,21.40243849206388,21.40243849206388,4.573170617962368
RandomForest,30,0,2017-06-30_batchdata_updated_struct_errorcorrect_cell_036,batch2,463.0,507.00145436507955,44.00145436507955,44.00145436507955,9.5035538585485
RandomForest,30,0,2018-04-12_batchdata_updated_struct_errorcorrect_cell_001,batch3,1009.0,1026.0699754238822,17.06997542388217,17.06997542388217,1.6917715980061616
RandomForest,30,0,2018-04-12_batchdata_updated_struct_errorcorrect_cell_004,batch3,1115.0,1085.0932703373019,-29.906729662698126,29.906729662698126,2.6822179069684418
RandomForest,30,0,2018-04-12_batchdata_updated_struct_errorcorrect_cell_008,batch3,1836.0,990.3732981150802,-845.6267018849198,845.6267018849198,46.058099231204785
RandomForest,30,0,2018-04-12_batchdata_updated_struct_errorcorrect_cell_009,batch3,828.0,958.9253115079368,130.92531150793684,130.92531150793684,15.812235689364353
RandomForest,30,0,2018-04-12_batchdata_updated_struct_errorcorrect_cell_011,batch3,1078.0,931.6019444444447,-146.3980555555553,146.3980555555553,13.580524634096038
RandomForest,30,0,2018-04-12_batchdata_updated_struct_errorcorrect_cell_015,batch3,858.0,894.2511369047621,36.25113690476212,36.25113690476212,4.225074231324257
RandomForest,30,0,2018-04-12_batchdata_updated_struct_errorcorrect_cell_016,batch3,876.0,908.1793901966093,32.17939019660935,32.17939019660935,3.673446369475953
RandomForest,30,0,2018-04-12_batchdata_updated_struct_errorcorrect_cell_017,batch3,1638.0,999.3535381944448,-638.6464618055552,638.6464618055552,38.98940548263462
RandomForest,30,0,2018-04-12_batchdata_updated_struct_errorcorrect_cell_030,batch3,858.0,1013.0824568452383,155.0824568452383,155.0824568452383,18.074878420190945
RandomForest,30,1,2017-05-12_batchdata_updated_struct_errorcorrect_cell_003,batch1,1177.0,1095.2442638888888,-81.75573611111122,81.75573611111122,6.946111819125847
RandomForest,30,1,2017-05-12_batchdata_updated_struct_errorcorrect_cell_022,batch1,559.0,671.1908560155123,112.19085601551228,112.19085601551228,20.06992057522581
RandomForest,30,1,2017-05-12_batchdata_updated_struct_errorcorrect_cell_037,batch1,704.0,890.4142478805911,186.41424788059112,186.41424788059112,26.479296573947604
RandomForest,30,1,2017-05-12_batchdata_updated_struct_errorcorrect_cell_039,batch1,617.0,814.2704219703899,197.27042197038986,197.27042197038986,31.972515716432714
RandomForest,30,1,2017-06-30_batchdata_updated_struct_errorcorrect_cell_005,batch2,444.0,535.1724970238092,91.17249702380923,91.17249702380923,20.53434617653361
RandomForest,30,1,2017-06-30_batchdata_updated_struct_errorcorrect_cell_006,batch2,480.0,490.3520000000002,10.352000000000203,10.352000000000203,2.156666666666709
RandomForest,30,1,2017-06-30_batchdata_updated_struct_errorcorrect_cell_011,batch2,561.0,456.39495287698395,-104.60504712301605,104.60504712301605,18.64617595775687
RandomForest,30,1,2017-06-30_batchdata_updated_struct_errorcorrect_cell_014,batch2,483.0,506.50515079365056,23.505150793650557,23.505150793650557,4.866490847546699
RandomForest,30,1,2017-06-30_batchdata_updated_struct_errorcorrect_cell_030,batch2,498.0,515.4050774260458,17.40507742604575,17.40507742604575,3.49499546707746
RandomForest,30,1,2017-06-30_batchdata_updated_struct_errorcorrect_cell_032,batch2,492.0,486.1983392857139,-5.801660714286072,5.801660714286072,1.1791993321719658
RandomForest,30,1,2017-06-30_batchdata_updated_struct_errorcorrect_cell_038,batch2,478.0,479.5615486111113,1.5615486111112773,1.5615486111112773,0.3266838098559158
RandomForest,30,1,2017-06-30_batchdata_updated_struct_errorcorrect_cell_043,batch2,466.0,543.836912698413,77.83691269841302,77.83691269841302,16.703200149874036
RandomForest,30,1,2017-06-30_batchdata_updated_struct_errorcorrect_cell_045,batch2,457.0,531.537829861111,74.53782986111105,74.53782986111105,16.310247234378785
RandomForest,30,1,2017-06-30_batchdata_updated_struct_errorcorrect_cell_048,batch2,713.0,472.70335069444394,-240.29664930555606,240.29664930555606,33.70219485351417
RandomForest,30,1,2018-04-12_batchdata_updated_struct_errorcorrect_cell_002,batch3,1063.0,1022.6667832341265,-40.333216765873544,40.333216765873544,3.794281915886505
RandomForest,30,1,2018-04-12_batchdata_updated_struct_errorcorrect_cell_007,batch3,667.0,844.3246249999997,177.32462499999974,177.32462499999974,26.585401049475223
RandomForest,30,1,2018-04-12_batchdata_updated_struct_errorcorrect_cell_016,batch3,876.0,990.8426478174607,114.84264781746072,114.84264781746072,13.109891303363094
RandomForest,30,1,2018-04-12_batchdata_updated_struct_errorcorrect_cell_018,batch3,1315.0,741.0314404761905,-573.9685595238095,573.9685595238095,43.64779920333152
RandomForest,30,1,2018-04-12_batchdata_updated_struct_errorcorrect_cell_020,batch3,1155.0,1034.6280818452378,-120.37191815476217,120.37191815476217,10.421811095650405
RandomForest,30,1,2018-04-12_batchdata_updated_struct_errorcorrect_cell_025,batch3,825.0,950.2050496031741,125.20504960317407,125.20504960317407,15.176369648869583
RandomForest,30,1,2018-04-12_batchdata_updated_struct_errorcorrect_cell_029,batch3,541.0,872.912445932539,331.91244593253896,331.91244593253896,61.35165359196654
RandomForest,30,1,2018-04-12_batchdata_updated_struct_errorcorrect_cell_034,batch3,1284.0,1106.1286031746035,-177.87139682539646,177.87139682539646,13.852912525342404
RandomForest,30,1,2018-04-12_batchdata_updated_struct_errorcorrect_cell_035,batch3,1158.0,988.1795887896819,-169.82041121031807,169.82041121031807,14.664975061340074
RandomForest,30,1,2018-04-12_batchdata_updated_struct_errorcorrect_cell_037,batch3,923.0,1129.1540362103174,206.15403621031737,206.15403621031737,22.33521519071694
RandomForest,30,1,2018-04-12_batchdata_updated_struct_errorcorrect_cell_042,batch3,786.0,778.9342108134914,-7.065789186508596,7.065789186508596,0.8989553672402794
RandomForest,30,2,2017-05-12_batchdata_updated_struct_errorcorrect_cell_001,batch1,1190.0,962.5263561507934,-227.4736438492066,227.4736438492066,19.115432256235852
RandomForest,30,2,2017-05-12_batchdata_updated_struct_errorcorrect_cell_003,batch1,1177.0,864.1078377525248,-312.8921622474752,312.8921622474752,26.583871049063312
RandomForest,30,2,2017-05-12_batchdata_updated_struct_errorcorrect_cell_004,batch1,1226.0,806.1165917207793,-419.8834082792207,419.8834082792207,34.24823884822355
RandomForest,30,2,2017-05-12_batchdata_updated_struct_errorcorrect_cell_006,batch1,1074.0,905.5192251984129,-168.48077480158713,168.48077480158713,15.687222979663606
RandomForest,30,2,2017-05-12_batchdata_updated_struct_errorcorrect_cell_018,batch1,857.0,855.3115825216446,-1.6884174783554045,1.6884174783554045,0.19701487495395617
RandomForest,30,2,2017-05-12_batchdata_updated_struct_errorcorrect_cell_019,batch1,691.0,789.9702693903313,98.97026939033128,98.97026939033128,14.322759680221603
RandomForest,30,2,2017-05-12_batchdata_updated_struct_errorcorrect_cell_030,batch1,917.0,887.2978324765514,-29.702167523448566,29.702167523448566,3.2390586176061684
RandomForest,30,2,2017-05-12_batchdata_updated_struct_errorcorrect_cell_031,batch1,709.0,729.5763859126986,20.576385912698584,20.576385912698584,2.9021700864172897
RandomForest,30,2,2017-05-12_batchdata_updated_struct_errorcorrect_cell_034,batch1,757.0,843.9501057449493,86.95010574494927,86.95010574494927,11.48614342733808
RandomForest,30,2,2017-05-12_batchdata_updated_struct_errorcorrect_cell_035,batch1,742.0,931.4174387175326,189.4174387175326,189.4174387175326,25.52795670047609
RandomForest,30,2,2017-05-12_batchdata_updated_struct_errorcorrect_cell_036,batch1,703.0,952.4791155753973,249.47911557539726,249.47911557539726,35.48778315439506
RandomForest,30,2,2017-05-12_batchdata_updated_struct_errorcorrect_cell_041,batch1,966.0,817.5467321428567,-148.45326785714326,148.45326785714326,15.367833111505513
RandomForest,30,2,2017-06-30_batchdata_updated_struct_errorcorrect_cell_038,batch2,478.0,502.5661420454544,24.5661420454544,24.5661420454544,5.139360260555313
RandomForest,30,2,2017-06-30_batchdata_updated_struct_errorcorrect_cell_039,batch2,465.0,485.4208492063489,20.42084920634892,20.42084920634892,4.391580474483638
RandomForest,30,2,2017-06-30_batchdata_updated_struct_errorcorrect_cell_042,batch2,429.0,500.71287125721494,71.71287125721494,71.71287125721494,16.716287006343812
RandomForest,30,2,2017-06-30_batchdata_updated_struct_errorcorrect_cell_043,batch2,466.0,564.0812070256134,98.08120702561337,98.08120702561337,21.047469318801152
RandomForest,30,2,2018-04-12_batchdata_updated_struct_errorcorrect_cell_001,batch3,1009.0,1122.397601190476,113.39760119047605,113.39760119047605,11.238612605597229
RandomForest,30,2,2018-04-12_batchdata_updated_struct_errorcorrect_cell_010,batch3,1039.0,975.7367549603177,-63.26324503968226,63.26324503968226,6.08885900285681
RandomForest,30,2,2018-04-12_batchdata_updated_struct_errorcorrect_cell_012,batch3,817.0,920.3437371031746,103.34373710317459,103.34373710317459,12.649172228050745
RandomForest,30,2,2018-04-12_batchdata_updated_struct_errorcorrect_cell_015,batch3,858.0,811.799787698413,-46.200212301587044,46.200212301587044,5.384640128390098
RandomForest,30,2,2018-04-12_batchdata_updated_struct_errorcorrect_cell_017,batch3,1638.0,1064.0735508658008,-573.9264491341992,573.9264491341992,35.03824475788762
RandomForest,30,2,2018-04-12_batchdata_updated_struct_errorcorrect_cell_027,batch3,1028.0,1067.6199017857136,39.61990178571364,39.61990178571364,3.854076049193934
RandomForest,30,2,2018-04-12_batchdata_updated_struct_errorcorrect_cell_030,batch3,858.0,1073.3707812500004,215.3707812500004,215.3707812500004,25.1014896561772
RandomForest,30,2,2018-04-12_batchdata_updated_struct_errorcorrect_cell_034,batch3,1284.0,1089.1645049603176,-194.83549503968243,194.83549503968243,15.17410397505315
RandomForest,30,2,2018-04-12_batchdata_updated_struct_errorcorrect_cell_042,batch3,786.0,767.2712951388899,-18.728704861110145,18.728704861110145,2.3827868780038353
RandomForest,30,3,2017-05-12_batchdata_updated_struct_errorcorrect_cell_006,batch1,1074.0,906.6068814484124,-167.39311855158758,167.39311855158758,15.585951448006291
RandomForest,30,3,2017-05-12_batchdata_updated_struct_errorcorrect_cell_007,batch1,636.0,854.4364627976191,218.43646279761913,218.43646279761913,34.345355785789174
RandomForest,30,3,2017-05-12_batchdata_updated_struct_errorcorrect_cell_010,batch1,1054.0,909.9894569805188,-144.01054301948125,144.01054301948125,13.663239375662355
RandomForest,30,3,2017-05-12_batchdata_updated_struct_errorcorrect_cell_020,batch1,788.0,816.1813538961037,28.1813538961037,28.1813538961037,3.5763139462060534
RandomForest,30,3,2017-05-12_batchdata_updated_struct_errorcorrect_cell_022,batch1,559.0,765.7255590277779,206.72555902777788,206.72555902777788,36.981316462929854
RandomForest,30,3,2017-05-12_batchdata_updated_struct_errorcorrect_cell_029,batch1,860.0,880.6510094246026,20.65100942460265,20.65100942460265,2.4012801656514706
RandomForest,30,3,2017-05-12_batchdata_updated_struct_errorcorrect_cell_031,batch1,709.0,733.1300252976187,24.13002529761866,24.13002529761866,3.403388617435636
RandomForest,30,3,2017-05-12_batchdata_updated_struct_errorcorrect_cell_040,batch1,625.0,787.5357088293651,162.53570882936515,162.53570882936515,26.005713412698423
RandomForest,30,3,2017-05-12_batchdata_updated_struct_errorcorrect_cell_041,batch1,966.0,848.1252802579371,-117.8747197420629,117.8747197420629,12.202351940172141
RandomForest,30,3,2017-06-30_batchdata_updated_struct_errorcorrect_cell_002,batch2,148.0,428.06803422619055,280.06803422619055,280.06803422619055,189.23515826093956
RandomForest,30,3,2017-06-30_batchdata_updated_struct_errorcorrect_cell_015,batch2,485.0,494.62477931096737,9.62477931096737,9.62477931096737,1.984490579580901
RandomForest,30,3,2017-06-30_batchdata_updated_struct_errorcorrect_cell_018,batch2,494.0,492.21275446428655,-1.7872455357134527,1.7872455357134527,0.36179059427397825
RandomForest,30,3,2017-06-30_batchdata_updated_struct_errorcorrect_cell_023,batch2,513.0,490.23573908730197,-22.764260912698035,22.764260912698035,4.437477760759851
RandomForest,30,3,2017-06-30_batchdata_updated_struct_errorcorrect_cell_024,batch2,527.0,472.59446825396816,-54.40553174603184,54.40553174603184,10.323630312340008
RandomForest,30,3,2017-06-30_batchdata_updated_struct_errorcorrect_cell_030,batch2,498.0,500.80421031746033,2.8042103174603312,2.8042103174603312,0.5630944412570946
RandomForest,30,3,2017-06-30_batchdata_updated_struct_errorcorrect_cell_040,batch2,459.0,517.4923656204908,58.49236562049077,58.49236562049077,12.74343477570605
RandomForest,30,3,2017-06-30_batchdata_updated_struct_errorcorrect_cell_041,batch2,499.0,487.64780009920696,-11.352199900793039,11.352199900793039,2.274989960078765
RandomForest,30,3,2018-04-12_batchdata_updated_struct_errorcorrect_cell_005,batch3,1048.0,1100.344292658731,52.34429265873109,52.34429265873109,4.994684414001059
RandomForest,30,3,2018-04-12_batchdata_updated_struct_errorcorrect_cell_017,batch3,1638.0,1084.8742023809523,-553.1257976190477,553.1257976190477,33.76836371300658
RandomForest,30,3,2018-04-12_batchdata_updated_struct_errorcorrect_cell_021,batch3,813.0,922.0276835317453,109.02768353174531,109.02768353174531,13.410539179796471
RandomForest,30,3,2018-04-12_batchdata_updated_struct_errorcorrect_cell_028,batch3,850.0,1009.1053169642853,159.1053169642853,159.1053169642853,18.718272584033564
RandomForest,30,3,2018-04-12_batchdata_updated_struct_errorcorrect_cell_031,batch3,935.0,1024.4364044011554,89.43640440115541,89.43640440115541,9.56539084504336
RandomForest,30,3,2018-04-12_batchdata_updated_struct_errorcorrect_cell_035,batch3,1158.0,1019.2377103174597,-138.7622896825403,138.7622896825403,11.982926570167557
RandomForest,30,3,2018-04-12_batchdata_updated_struct_errorcorrect_cell_041,batch3,796.0,940.6081855158715,144.60818551587147,144.60818551587147,18.166857476868277
RandomForest,30,3,2018-04-12_batchdata_updated_struct_errorcorrect_cell_046,batch3,1801.0,1066.9383521825403,-734.0616478174597,734.0616478174597,40.75855901262963
RandomForest,30,4,2017-05-12_batchdata_updated_struct_errorcorrect_cell_003,batch1,1177.0,1094.6179909361472,-82.38200906385282,82.38200906385282,6.999321075943316
RandomForest,30,4,2017-05-12_batchdata_updated_struct_errorcorrect_cell_006,batch1,1074.0,925.8653144841264,-148.13468551587357,148.13468551587357,13.792801258461227
RandomForest,30,4,2017-05-12_batchdata_updated_struct_errorcorrect_cell_008,batch1,870.0,930.4280094246034,60.428009424603374,60.428009424603374,6.945748209724526
RandomForest,30,4,2017-05-12_batchdata_updated_struct_errorcorrect_cell_018,batch1,857.0,836.6151319444451,-20.384868055554875,20.384868055554875,2.3786310449889
RandomForest,30,4,2017-05-12_batchdata_updated_struct_errorcorrect_cell_021,batch1,534.0,785.3348864087307,251.33488640873065,251.33488640873065,47.06645812897578
RandomForest,30,4,2017-05-12_batchdata_updated_struct_errorcorrect_cell_024,batch1,1014.0,911.8834935515879,-102.11650644841211,102.11650644841211,10.070661385444982
RandomForest,30,4,2017-05-12_batchdata_updated_struct_errorcorrect_cell_025,batch1,1017.0,937.5528718885292,-79.44712811147076,79.44712811147076,7.811910335444519
RandomForest,30,4,2017-05-12_batchdata_updated_struct_errorcorrect_cell_026,batch1,854.0,964.7083748647202,110.70837486472021,110.70837486472021,12.963509937320868
RandomForest,30,4,2017-05-12_batchdata_updated_struct_errorcorrect_cell_030,batch1,917.0,875.563056547619,-41.436943452381,41.436943452381,4.518750649114613
RandomForest,30,4,2017-05-12_batchdata_updated_struct_errorcorrect_cell_031,batch1,709.0,740.5048560155134,31.504856015513383,31.504856015513383,4.443562202470153
RandomForest,30,4,2017-05-12_batchdata_updated_struct_errorcorrect_cell_032,batch1,876.0,959.8135069444447,83.81350694444473,83.81350694444473,9.567751934297343
RandomForest,30,4,2017-05-12_batchdata_updated_struct_errorcorrect_cell_035,batch1,742.0,874.6441106150794,132.6441106150794,132.6441106150794,17.876564772921753
RandomForest,30,4,2017-05-12_batchdata_updated_struct_errorcorrect_cell_040,batch1,625.0,770.4609920634923,145.4609920634923,145.4609920634923,23.273758730158768
RandomForest,30,4,2017-05-12_batchdata_updated_struct_errorcorrect_cell_041,batch1,966.0,850.7123123647185,-115.28768763528149,115.28768763528149,11.934543233465993
RandomForest,30,4,2017-06-30_batchdata_updated_struct_errorcorrect_cell_025,batch2,495.0,460.82242956349234,-34.177570436507665,34.177570436507665,6.904559684142962
RandomForest,30,4,2017-06-30_batchdata_updated_struct_errorcorrect_cell_029,batch2,509.0,479.76156597222246,-29.238434027777544,29.238434027777544,5.744289592883604
RandomForest,30,4,2017-06-30_batchdata_updated_struct_errorcorrect_cell_041,batch2,499.0,492.098188492064,-6.9018115079359745,6.9018115079359745,1.383128558704604
RandomForest,30,4,2017-06-30_batchdata_updated_struct_errorcorrect_cell_044,batch2,462.0,490.5798621031747,28.57986210317472,28.57986210317472,6.186117338349506
RandomForest,30,4,2017-06-30_batchdata_updated_struct_errorcorrect_cell_046,batch2,487.0,482.3737440476193,-4.6262559523806885,4.6262559523806885,0.9499498875525028
RandomForest,30,4,2017-06-30_batchdata_updated_struct_errorcorrect_cell_047,batch2,429.0,485.44506047077914,56.44506047077914,56.44506047077914,13.15735675309537
RandomForest,30,4,2017-06-30_batchdata_updated_struct_errorcorrect_cell_048,batch2,713.0,496.09873854617564,-216.90126145382436,216.90126145382436,30.42093428524886
RandomForest,30,4,2018-04-12_batchdata_updated_struct_errorcorrect_cell_004,batch3,1115.0,1072.1450719246038,-42.854928075396174,42.854928075396174,3.843491307210419
RandomForest,30,4,2018-04-12_batchdata_updated_struct_errorcorrect_cell_017,batch3,1638.0,1111.714653769841,-526.2853462301589,526.2853462301589,32.12975251710372
RandomForest,30,4,2018-04-12_batchdata_updated_struct_errorcorrect_cell_031,batch3,935.0,1042.345773313492,107.34577331349192,107.34577331349192,11.480831370426943
RandomForest,30,4,2018-04-12_batchdata_updated_struct_errorcorrect_cell_037,batch3,923.0,1064.4890654761912,141.48906547619117,141.48906547619117,15.32925953154834
RandomForest,30,5,2017-05-12_batchdata_updated_struct_errorcorrect_cell_007,batch1,636.0,892.6176571518755,256.6176571518755,256.6176571518755,40.34868823142696
RandomForest,30,5,2017-05-12_batchdata_updated_struct_errorcorrect_cell_015,batch1,880.0,860.2237544642858,-19.776245535714224,19.776245535714224,2.2473006290584343
RandomForest,30,5,2017-05-12_batchdata_updated_struct_errorcorrect_cell_022,batch1,559.0,730.2943094336223,171.2943094336223,171.2943094336223,30.6429891652276
RandomForest,30,5,2017-05-12_batchdata_updated_struct_errorcorrect_cell_026,batch1,854.0,980.1969521103892,126.19695211038925,126.19695211038925,14.777160668663846
RandomForest,30,5,2017-05-12_batchdata_updated_struct_errorcorrect_cell_029,batch1,860.0,852.2414960317462,-7.758503968253763,7.758503968253763,0.9021516242155537
RandomForest,30,5,2017-05-12_batchdata_updated_struct_errorcorrect_cell_034,batch1,757.0,824.0388159722226,67.03881597222255,67.03881597222255,8.855854157493072
RandomForest,30,5,2017-05-12_batchdata_updated_struct_errorcorrect_cell_041,batch1,966.0,871.0727137896828,-94.92728621031722,94.92728621031722,9.826841222600127
RandomForest,30,5,2017-05-12_batchdata_updated_struct_errorcorrect_cell_043,batch1,702.0,761.6401651785716,59.64016517857158,59.64016517857158,8.495750025437546
RandomForest,30,5,2017-06-30_batchdata_updated_struct_errorcorrect_cell_002,batch2,148.0,435.4145987103177,287.4145987103177,287.4145987103177,194.1990531826471
RandomForest,30,5,2017-06-30_batchdata_updated_struct_errorcorrect_cell_003,batch2,438.0,470.76399900793615,32.76399900793615,32.76399900793615,7.480365070305058
RandomForest,30,5,2017-06-30_batchdata_updated_struct_errorcorrect_cell_013,batch2,458.0,481.52324093614703,23.523240936147033,23.523240936147033,5.136078807019003
RandomForest,30,5,2017-06-30_batchdata_updated_struct_errorcorrect_cell_022,batch2,489.0,499.14702277236603,10.147022772366029,10.147022772366029,2.075055781669944
RandomForest,30,5,2017-06-30_batchdata_updated_struct_errorcorrect_cell_024,batch2,527.0,483.5388938492068,-43.46110615079323,43.46110615079323,8.246889212674237
RandomForest,30,5,2017-06-30_batchdata_updated_struct_errorcorrect_cell_025,batch2,495.0,478.28009970238105,-16.71990029761895,16.71990029761895,3.377757635882616
RandomForest,30,5,2017-06-30_batchdata_updated_struct_errorcorrect_cell_029,batch2,509.0,483.28882986111114,-25.71117013888886,25.71117013888886,5.051310439860287
RandomForest,30,5,2017-06-30_batchdata_updated_struct_errorcorrect_cell_046,batch2,487.0,484.9260300324679,-2.0739699675320935,2.0739699675320935,0.4258665231072061
RandomForest,30,5,2018-04-12_batchdata_updated_struct_errorcorrect_cell_006,batch3,828.0,1098.4701185515883,270.47011855158826,270.47011855158826,32.66547325502274
RandomForest,30,5,2018-04-12_batchdata_updated_struct_errorcorrect_cell_007,batch3,667.0,822.8152698412702,155.81526984127015,155.81526984127015,23.36061017110497
RandomForest,30,5,2018-04-12_batchdata_updated_struct_errorcorrect_cell_009,batch3,828.0,1022.2340057269122,194.2340057269122,194.2340057269122,23.458213252042533
RandomForest,30,5,2018-04-12_batchdata_updated_struct_errorcorrect_cell_013,batch3,932.0,966.9514325396829,34.951432539682855,34.951432539682855,3.750153705974555
RandomForest,30,5,2018-04-12_batchdata_updated_struct_errorcorrect_cell_019,batch3,1146.0,1039.0396716269847,-106.96032837301527,106.96032837301527,9.333361987174108
RandomForest,30,5,2018-04-12_batchdata_updated_struct_errorcorrect_cell_025,batch3,825.0,1032.3616329365077,207.3616329365077,207.3616329365077,25.134743386243358
RandomForest,30,5,2018-04-12_batchdata_updated_struct_errorcorrect_cell_026,batch3,989.0,1027.7737311507938,38.773731150793765,38.773731150793765,3.9204985996758106
RandomForest,30,5,2018-04-12_batchdata_updated_struct_errorcorrect_cell_036,batch3,1093.0,1123.7631969246029,30.76319692460288,30.76319692460288,2.814565134913347
RandomForest,30,5,2018-04-12_batchdata_updated_struct_errorcorrect_cell_046,batch3,1801.0,1070.3079124278497,-730.6920875721503,730.6920875721503,40.57146516225154
RandomForest,30,10,2017-05-12_batchdata_updated_struct_errorcorrect_cell_002,batch1,1179.0,969.3608239087308,-209.63917609126918,209.63917609126918,17.78110060146473
RandomForest,30,10,2017-05-12_batchdata_updated_struct_errorcorrect_cell_003,batch1,1177.0,1046.9625897817468,-130.03741021825317,130.03741021825317,11.048208174872826
RandomForest,30,10,2017-05-12_batchdata_updated_struct_errorcorrect_cell_015,batch1,880.0,858.3430739087304,-21.65692609126961,21.65692609126961,2.461014328553365
RandomForest,30,10,2017-05-12_batchdata_updated_struct_errorcorrect_cell_032,batch1,876.0,1020.0805699404756,144.08056994047558,144.08056994047558,16.447553646173013
RandomForest,30,10,2017-05-12_batchdata_updated_struct_errorcorrect_cell_043,batch1,702.0,762.6542775072146,60.6542775072146,60.6542775072146,8.64021047111319
RandomForest,30,10,2017-05-12_batchdata_updated_struct_errorcorrect_cell_044,batch1,651.0,1000.2512738095232,349.25127380952324,349.25127380952324,53.64842915660879
RandomForest,30,10,2017-05-12_batchdata_updated_struct_errorcorrect_cell_045,batch1,616.0,846.3680674603174,230.36806746031743,230.36806746031743,37.39741354875283
RandomForest,30,10,2017-06-30_batchdata_updated_struct_errorcorrect_cell_003,batch2,438.0,474.7787842261906,36.77878422619062,36.77878422619062,8.396982700043521
RandomForest,30,10,2017-06-30_batchdata_updated_struct_errorcorrect_cell_005,batch2,444.0,497.4616031746034,53.4616031746034,53.4616031746034,12.040901615901666
RandomForest,30,10,2017-06-30_batchdata_updated_struct_errorcorrect_cell_007,batch2,511.0,458.67566351010066,-52.32433648989934,52.32433648989934,10.239596181976388
RandomForest,30,10,2017-06-30_batchdata_updated_struct_errorcorrect_cell_011,batch2,561.0,471.113674107143,-89.88632589285697,89.88632589285697,16.022517984466482
RandomForest,30,10,2017-06-30_batchdata_updated_struct_errorcorrect_cell_015,batch2,485.0,485.43459889069294,0.4345988906929392,0.4345988906929392,0.0896080186995751
RandomForest,30,10,2017-06-30_batchdata_updated_struct_errorcorrect_cell_020,batch2,461.0,444.9117519841272,-16.088248015872807,16.088248015872807,3.4898585717728436
RandomForest,30,10,2017-06-30_batchdata_updated_struct_errorcorrect_cell_026,batch2,461.0,508.1557455357142,47.155745535714175,47.155745535714175,10.229012046792663
RandomForest,30,10,2017-06-30_batchdata_updated_struct_errorcorrect_cell_028,batch2,468.0,485.869308531746,17.869308531746015,17.869308531746015,3.8182283187491484
RandomForest,30,10,2017-06-30_batchdata_updated_struct_errorcorrect_cell_033,batch2,519.0,486.7451263528136,-32.2548736471864,32.2548736471864,6.214811878070598
RandomForest,30,10,2017-06-30_batchdata_updated_struct_errorcorrect_cell_046,batch2,487.0,482.6252817460321,-4.374718253967899,4.374718253967899,0.8982994361330389
RandomForest,30,10,2017-06-30_batchdata_updated_struct_errorcorrect_cell_047,batch2,429.0,473.1363534000723,44.13635340007232,44.13635340007232,10.288194265751125
RandomForest,30,10,2017-06-30_batchdata_updated_struct_errorcorrect_cell_048,batch2,713.0,487.05335037878797,-225.94664962121203,225.94664962121203,31.68957217688808
RandomForest,30,10,2018-04-12_batchdata_updated_struct_errorcorrect_cell_005,batch3,1048.0,1192.4388442460313,144.4388442460313,144.4388442460313,13.782332466224359
RandomForest,30,10,2018-04-12_batchdata_updated_struct_errorcorrect_cell_014,batch3,816.0,942.5318422619051,126.53184226190513,126.53184226190513,15.506353218370727
RandomForest,30,10,2018-04-12_batchdata_updated_struct_errorcorrect_cell_015,batch3,858.0,873.5971220238093,15.597122023809334,15.597122023809334,1.8178463897213677
RandomForest,30,10,2018-04-12_batchdata_updated_struct_errorcorrect_cell_019,batch3,1146.0,1173.7258878968235,27.72588789682345,27.72588789682345,2.4193619456215925
RandomForest,30,10,2018-04-12_batchdata_updated_struct_errorcorrect_cell_035,batch3,1158.0,977.3472092803026,-180.65279071969735,180.65279071969735,15.600413706364192
RandomForest,30,10,2018-04-12_batchdata_updated_struct_errorcorrect_cell_036,batch3,1093.0,1240.183815972221,147.18381597222105,147.18381597222105,13.466039887668899
RandomForest,30,21,2017-05-12_batchdata_updated_struct_errorcorrect_cell_008,batch1,870.0,935.1850124007931,65.18501240079308,65.18501240079308,7.492530161010699
RandomForest,30,21,2017-05-12_batchdata_updated_struct_errorcorrect_cell_016,batch1,719.0,705.1443358134923,-13.855664186507738,13.855664186507738,1.9270742957590732
RandomForest,30,21,2017-05-12_batchdata_updated_struct_errorcorrect_cell_018,batch1,857.0,847.7700466269843,-9.229953373015746,9.229953373015746,1.0770073947509622
RandomForest,30,21,2017-05-12_batchdata_updated_struct_errorcorrect_cell_025,batch1,1017.0,915.6196210317468,-101.38037896825324,101.38037896825324,9.968572169936406
RandomForest,30,21,2017-05-12_batchdata_updated_struct_errorcorrect_cell_027,batch1,870.0,819.2890004960325,-50.710999503967514,50.710999503967514,5.828850517697416
RandomForest,30,21,2017-05-12_batchdata_updated_struct_errorcorrect_cell_029,batch1,860.0,934.7023606150796,74.70236061507956,74.70236061507956,8.686321001753438
RandomForest,30,21,2017-05-12_batchdata_updated_struct_errorcorrect_cell_032,batch1,876.0,978.4078030753968,102.40780307539683,102.40780307539683,11.690388478926579
RandomForest,30,21,2017-05-12_batchdata_updated_struct_errorcorrect_cell_042,batch1,1051.0,867.7640773809522,-183.23592261904776,183.23592261904776,17.43443602464774
RandomForest,30,21,2017-05-12_batchdata_updated_struct_errorcorrect_cell_043,batch1,702.0,787.4463730158734,85.4463730158734,85.4463730158734,12.171848007959174
RandomForest,30,21,2017-06-30_batchdata_updated_struct_errorcorrect_cell_002,batch2,148.0,414.7259920634922,266.7259920634922,266.7259920634922,180.220264907765
RandomForest,30,21,2017-06-30_batchdata_updated_struct_errorcorrect_cell_005,batch2,444.0,520.846925595238,76.84692559523796,76.84692559523796,17.307866125053593
RandomForest,30,21,2017-06-30_batchdata_updated_struct_errorcorrect_cell_019,batch2,487.0,469.6711230158734,-17.328876984126623,17.328876984126623,3.558290961832982
RandomForest,30,21,2017-06-30_batchdata_updated_struct_errorcorrect_cell_027,batch2,471.0,482.7994508928575,11.799450892857521,11.799450892857521,2.5051912723689003
RandomForest,30,21,2017-06-30_batchdata_updated_struct_errorcorrect_cell_029,batch2,509.0,482.45935565476213,-26.540644345237865,26.540644345237865,5.214271973524139
RandomForest,30,21,2017-06-30_batchdata_updated_struct_errorcorrect_cell_032,batch2,492.0,479.7061507936505,-12.293849206349478,12.293849206349478,2.498749838688918
RandomForest,30,21,2017-06-30_batchdata_updated_struct_errorcorrect_cell_046,batch2,487.0,482.2204672619051,-4.779532738094872,4.779532738094872,0.981423560183752
RandomForest,30,21,2017-06-30_batchdata_updated_struct_errorcorrect_cell_048,batch2,713.0,476.46780009920667,-236.53219990079333,236.53219990079333,33.174221584964
RandomForest,30,21,2018-04-12_batchdata_updated_struct_errorcorrect_cell_004,batch3,1115.0,1105.5934489087297,-9.40655109127033,9.40655109127033,0.8436368691722269
RandomForest,30,21,2018-04-12_batchdata_updated_struct_errorcorrect_cell_010,batch3,1039.0,928.5391820436508,-110.46081795634916,110.46081795634916,10.631455048734278
RandomForest,30,21,2018-04-12_batchdata_updated_struct_errorcorrect_cell_011,batch3,1078.0,1058.4881309523817,-19.511869047618347,19.511869047618347,1.8100064051594014
RandomForest,30,21,2018-04-12_batchdata_updated_struct_errorcorrect_cell_019,batch3,1146.0,1133.8822713293646,-12.117728670635415,12.117728670635415,1.057393426757017
RandomForest,30,21,2018-04-12_batchdata_updated_struct_errorcorrect_cell_022,batch3,772.0,869.9142331349218,97.9142331349218,97.9142331349218,12.683190820585727
RandomForest,30,21,2018-04-12_batchdata_updated_struct_errorcorrect_cell_028,batch3,850.0,1005.0507827380956,155.05078273809556,155.05078273809556,18.241268557423005
RandomForest,30,21,2018-04-12_batchdata_updated_struct_errorcorrect_cell_035,batch3,1158.0,1028.1860997023823,-129.8139002976177,129.8139002976177,11.210181372851268
RandomForest,30,21,2018-04-12_batchdata_updated_struct_errorcorrect_cell_036,batch3,1093.0,1267.2107881944453,174.21078819444529,174.21078819444529,15.938772936362788
RandomForest,30,42,2017-05-12_batchdata_updated_struct_errorcorrect_cell_001,batch1,1190.0,983.9395188492059,-206.0604811507941,206.0604811507941,17.31600681939446
RandomForest,30,42,2017-05-12_batchdata_updated_struct_errorcorrect_cell_005,batch1,1227.0,1101.2246681547629,-125.77533184523713,125.77533184523713,10.250638292195365
RandomForest,30,42,2017-05-12_batchdata_updated_struct_errorcorrect_cell_015,batch1,880.0,869.0856517857138,-10.914348214286179,10.914348214286179,1.2402668425325203
RandomForest,30,42,2017-05-12_batchdata_updated_struct_errorcorrect_cell_016,batch1,719.0,719.7364851190475,0.7364851190475292,0.7364851190475292,0.10243186634875234
RandomForest,30,42,2017-05-12_batchdata_updated_struct_errorcorrect_cell_024,batch1,1014.0,889.3062147817461,-124.69378521825388,124.69378521825388,12.297217477145352
RandomForest,30,42,2017-05-12_batchdata_updated_struct_errorcorrect_cell_025,batch1,1017.0,960.461393353175,-56.538606646824974,56.538606646824974,5.559351686020155
RandomForest,30,42,2017-05-12_batchdata_updated_struct_errorcorrect_cell_032,batch1,876.0,911.5659102182539,35.56591021825386,35.56591021825386,4.060035413042678
RandomForest,30,42,2017-05-12_batchdata_updated_struct_errorcorrect_cell_033,batch1,731.0,913.189688988095,182.18968898809499,182.18968898809499,24.923350066770862
RandomForest,30,42,2017-05-12_batchdata_updated_struct_errorcorrect_cell_037,batch1,704.0,805.1487812500001,101.14878125000007,101.14878125000007,14.36772460937501
RandomForest,30,42,2017-05-12_batchdata_updated_struct_errorcorrect_cell_042,batch1,1051.0,859.0124122023814,-191.98758779761863,191.98758779761863,18.267134899868566
RandomForest,30,42,2017-06-30_batchdata_updated_struct_errorcorrect_cell_002,batch2,148.0,448.50110466269854,300.50110466269854,300.50110466269854,203.04128693425577
RandomForest,30,42,2017-06-30_batchdata_updated_struct_errorcorrect_cell_004,batch2,335.0,509.5861026785717,174.5861026785717,174.5861026785717,52.115254530916935
RandomForest,30,42,2017-06-30_batchdata_updated_struct_errorcorrect_cell_007,batch2,511.0,544.1040670093794,33.10406700937938,33.10406700937938,6.478290999878547
RandomForest,30,42,2017-06-30_batchdata_updated_struct_errorcorrect_cell_018,batch2,494.0,491.55977281746055,-2.440227182539445,2.440227182539445,0.4939731138743816
RandomForest,30,42,2017-06-30_batchdata_updated_struct_errorcorrect_cell_021,batch2,502.0,497.8472752976188,-4.152724702381192,4.152724702381192,0.8272359964902773
RandomForest,30,42,2017-06-30_batchdata_updated_struct_errorcorrect_cell_041,batch2,499.0,491.0641899801587,-7.935810019841313,7.935810019841313,1.5903426893469563
RandomForest,30,42,2017-06-30_batchdata_updated_struct_errorcorrect_cell_042,batch2,429.0,491.66553422619035,62.665534226190346,62.665534226190346,14.607350635475605
RandomForest,30,42,2017-06-30_batchdata_updated_struct_errorcorrect_cell_043,batch2,466.0,515.718170138889,49.718170138889036,49.718170138889036,10.669135222937562
RandomForest,30,42,2018-04-12_batchdata_updated_struct_errorcorrect_cell_008,batch3,1836.0,1000.5446775793645,-835.4553224206355,835.4553224206355,45.50410252835705
RandomForest,30,42,2018-04-12_batchdata_updated_struct_errorcorrect_cell_013,batch3,932.0,894.1007633928571,-37.89923660714294,37.89923660714294,4.06644169604538
RandomForest,30,42,2018-04-12_batchdata_updated_struct_errorcorrect_cell_018,batch3,1315.0,703.4268467261904,-611.5731532738096,611.5731532738096,46.5074641272859
RandomForest,30,42,2018-04-12_batchdata_updated_struct_errorcorrect_cell_019,batch3,1146.0,1156.8202271825392,10.820227182539156,10.820227182539156,0.9441734016177274
RandomForest,30,42,2018-04-12_batchdata_updated_struct_errorcorrect_cell_032,batch3,731.0,1024.808277281745,293.80827728174495,293.80827728174495,40.192650790936376
RandomForest,30,42,2018-04-12_batchdata_updated_struct_errorcorrect_cell_042,batch3,786.0,788.2907971230158,2.29079712301575,2.29079712301575,0.29145001565085876
RandomForest,30,42,2018-04-12_batchdata_updated_struct_errorcorrect_cell_045,batch3,940.0,945.3716121031748,5.371612103174812,5.371612103174812,0.5714480960824267
RandomForest,30,100,2017-05-12_batchdata_updated_struct_errorcorrect_cell_016,batch1,719.0,691.9866669372294,-27.013333062770585,27.013333062770585,3.757069967005645
RandomForest,30,100,2017-05-12_batchdata_updated_struct_errorcorrect_cell_027,batch1,870.0,847.8749828643579,-22.12501713564211,22.12501713564211,2.5431054178898975
RandomForest,30,100,2017-05-12_batchdata_updated_struct_errorcorrect_cell_031,batch1,709.0,762.9505654761901,53.95056547619015,53.95056547619015,7.609388642622024
RandomForest,30,100,2017-05-12_batchdata_updated_struct_errorcorrect_cell_032,batch1,876.0,988.0291396554836,112.02913965548362,112.02913965548362,12.78871457254379
RandomForest,30,100,2017-05-12_batchdata_updated_struct_errorcorrect_cell_034,batch1,757.0,820.5226477723664,63.52264777236644,63.52264777236644,8.391366944830441
RandomForest,30,100,2017-05-12_batchdata_updated_struct_errorcorrect_cell_035,batch1,742.0,893.2082463023094,151.20824630230936,151.20824630230936,20.378469852063255
RandomForest,30,100,2017-05-12_batchdata_updated_struct_errorcorrect_cell_038,batch1,648.0,819.5286046626984,171.5286046626984,171.5286046626984,26.470463682515184
RandomForest,30,100,2017-05-12_batchdata_updated_struct_errorcorrect_cell_039,batch1,617.0,783.9991999007938,166.99919990079377,166.99919990079377,27.066320891538698
RandomForest,30,100,2017-05-12_batchdata_updated_struct_errorcorrect_cell_041,batch1,966.0,797.093424603175,-168.90657539682502,168.90657539682502,17.48515273259058
RandomForest,30,100,2017-05-12_batchdata_updated_struct_errorcorrect_cell_042,batch1,1051.0,862.316148674242,-188.68385132575804,188.68385132575804,17.952792704639204
RandomForest,30,100,2017-06-30_batchdata_updated_struct_errorcorrect_cell_019,batch2,487.0,474.10340674603196,-12.896593253968035,12.896593253968035,2.64817109937742
RandomForest,30,100,2017-06-30_batchdata_updated_struct_errorcorrect_cell_033,batch2,519.0,488.60472817460305,-30.395271825396946,30.395271825396946,5.856507095452206
RandomForest,30,100,2017-06-30_batchdata_updated_struct_errorcorrect_cell_035,batch2,499.0,488.77138658910496,-10.228613410895036,10.228613410895036,2.0498223268326723
RandomForest,30,100,2017-06-30_batchdata_updated_struct_errorcorrect_cell_037,batch2,535.0,489.8851294642861,-45.11487053571392,45.11487053571392,8.432686081441854
RandomForest,30,100,2017-06-30_batchdata_updated_struct_errorcorrect_cell_046,batch2,487.0,482.7581906565654,-4.241809343434625,4.241809343434625,0.8710080787340091
RandomForest,30,100,2017-06-30_batchdata_updated_struct_errorcorrect_cell_047,batch2,429.0,483.4421339285711,54.44213392857108,54.44213392857108,12.690474109224029
RandomForest,30,100,2018-04-12_batchdata_updated_struct_errorcorrect_cell_002,batch3,1063.0,1005.1194796626977,-57.8805203373023,57.8805203373023,5.445016024205296
RandomForest,30,100,2018-04-12_batchdata_updated_struct_errorcorrect_cell_013,batch3,932.0,922.4503447420636,-9.549655257936365,9.549655257936365,1.0246411220961764
RandomForest,30,100,2018-04-12_batchdata_updated_struct_errorcorrect_cell_019,batch3,1146.0,1116.8777954996397,-29.12220450036034,29.12220450036034,2.5412045811832757
RandomForest,30,100,2018-04-12_batchdata_updated_struct_errorcorrect_cell_020,batch3,1155.0,1050.8808814484128,-104.11911855158723,104.11911855158723,9.014642298838723
RandomForest,30,100,2018-04-12_batchdata_updated_struct_errorcorrect_cell_022,batch3,772.0,853.2490580357141,81.24905803571414,81.24905803571414,10.524489382864525
RandomForest,30,100,2018-04-12_batchdata_updated_struct_errorcorrect_cell_026,batch3,989.0,964.4365415313855,-24.5634584686145,24.5634584686145,2.4836661747840747
RandomForest,30,100,2018-04-12_batchdata_updated_struct_errorcorrect_cell_030,batch3,858.0,1066.9467648809523,208.9467648809523,208.9467648809523,24.35276979964479
RandomForest,30,100,2018-04-12_batchdata_updated_struct_errorcorrect_cell_035,batch3,1158.0,977.1789518849209,-180.82104811507907,180.82104811507907,15.614943705965375
RandomForest,30,100,2018-04-12_batchdata_updated_struct_errorcorrect_cell_040,batch3,1156.0,987.9964216269841,-168.0035783730159,168.0035783730159,14.533181520157084
XGBoost,10,0,2017-05-12_batchdata_updated_struct_errorcorrect_cell_003,batch1,1177.0,1043.3692626953125,-133.6307373046875,133.6307373046875,11.353503594281012
XGBoost,10,0,2017-05-12_batchdata_updated_struct_errorcorrect_cell_008,batch1,870.0,890.7797241210938,20.77972412109375,20.77972412109375,2.388474036907328
XGBoost,10,0,2017-05-12_batchdata_updated_struct_errorcorrect_cell_010,batch1,1054.0,974.2808227539062,-79.71917724609375,79.71917724609375,7.563489302285935
XGBoost,10,0,2017-05-12_batchdata_updated_struct_errorcorrect_cell_015,batch1,880.0,808.1884155273438,-71.81158447265625,71.81158447265625,8.160407326438209
XGBoost,10,0,2017-05-12_batchdata_updated_struct_errorcorrect_cell_021,batch1,534.0,824.7285766601562,290.72857666015625,290.72857666015625,54.4435536816772
XGBoost,10,0,2017-05-12_batchdata_updated_struct_errorcorrect_cell_028,batch1,842.0,724.1402587890625,-117.8597412109375,117.8597412109375,13.997593968044834
XGBoost,10,0,2017-05-12_batchdata_updated_struct_errorcorrect_cell_030,batch1,917.0,777.3526611328125,-139.6473388671875,139.6473388671875,15.228717433717284
XGBoost,10,0,2017-06-30_batchdata_updated_struct_errorcorrect_cell_003,batch2,438.0,467.83721923828125,29.83721923828125,29.83721923828125,6.812150511023117
XGBoost,10,0,2017-06-30_batchdata_updated_struct_errorcorrect_cell_005,batch2,444.0,520.3234252929688,76.32342529296875,76.32342529296875,17.18996065156954
XGBoost,10,0,2017-06-30_batchdata_updated_struct_errorcorrect_cell_011,batch2,561.0,476.9563903808594,-84.04360961914062,84.04360961914062,14.981035582734513
XGBoost,10,0,2017-06-30_batchdata_updated_struct_errorcorrect_cell_013,batch2,458.0,483.99212646484375,25.99212646484375,25.99212646484375,5.675136782716976
XGBoost,10,0,2017-06-30_batchdata_updated_struct_errorcorrect_cell_019,batch2,487.0,452.77276611328125,-34.22723388671875,34.22723388671875,7.028179442858059
XGBoost,10,0,2017-06-30_batchdata_updated_struct_errorcorrect_cell_021,batch2,502.0,513.5791625976562,11.57916259765625,11.57916259765625,2.3066060951506473
XGBoost,10,0,2017-06-30_batchdata_updated_struct_errorcorrect_cell_026,batch2,461.0,507.3666076660156,46.366607666015625,46.366607666015625,10.057832465513151
XGBoost,10,0,2017-06-30_batchdata_updated_struct_errorcorrect_cell_028,batch2,468.0,495.7128601074219,27.712860107421875,27.712860107421875,5.921551305004674
XGBoost,10,0,2017-06-30_batchdata_updated_struct_errorcorrect_cell_036,batch2,463.0,496.48089599609375,33.48089599609375,33.48089599609375,7.231295031553726
XGBoost,10,0,2018-04-12_batchdata_updated_struct_errorcorrect_cell_001,batch3,1009.0,909.6056518554688,-99.39434814453125,99.39434814453125,9.85077781412599
XGBoost,10,0,2018-04-12_batchdata_updated_struct_errorcorrect_cell_004,batch3,1115.0,887.5159301757812,-227.48406982421875,227.48406982421875,20.402158728629484
XGBoost,10,0,2018-04-12_batchdata_updated_struct_errorcorrect_cell_008,batch3,1836.0,1004.8580932617188,-831.1419067382812,831.1419067382812,45.26916703367545
XGBoost,10,0,2018-04-12_batchdata_updated_struct_errorcorrect_cell_009,batch3,828.0,969.0299072265625,141.0299072265625,141.0299072265625,17.032597491130737
XGBoost,10,0,2018-04-12_batchdata_updated_struct_errorcorrect_cell_011,batch3,1078.0,852.9685668945312,-225.03143310546875,225.03143310546875,20.874901030191907
XGBoost,10,0,2018-04-12_batchdata_updated_struct_errorcorrect_cell_015,batch3,858.0,1014.87646484375,156.87646484375,156.87646484375,18.283970261509324
XGBoost,10,0,2018-04-12_batchdata_updated_struct_errorcorrect_cell_016,batch3,876.0,870.7378540039062,-5.26214599609375,5.26214599609375,0.600701597727597
XGBoost,10,0,2018-04-12_batchdata_updated_struct_errorcorrect_cell_017,batch3,1638.0,991.733642578125,-646.266357421875,646.266357421875,39.454600575206044
XGBoost,10,0,2018-04-12_batchdata_updated_struct_errorcorrect_cell_030,batch3,858.0,876.2788696289062,18.27886962890625,18.27886962890625,2.130404385653409
XGBoost,10,1,2017-05-12_batchdata_updated_struct_errorcorrect_cell_003,batch1,1177.0,1125.5665283203125,-51.4334716796875,51.4334716796875,4.369878647382115
XGBoost,10,1,2017-05-12_batchdata_updated_struct_errorcorrect_cell_022,batch1,559.0,618.0037231445312,59.00372314453125,59.00372314453125,10.555227753941189
XGBoost,10,1,2017-05-12_batchdata_updated_struct_errorcorrect_cell_037,batch1,704.0,933.315673828125,229.315673828125,229.315673828125,32.57324912331321
XGBoost,10,1,2017-05-12_batchdata_updated_struct_errorcorrect_cell_039,batch1,617.0,798.0079956054688,181.00799560546875,181.00799560546875,29.336790211583263
XGBoost,10,1,2017-06-30_batchdata_updated_struct_errorcorrect_cell_005,batch2,444.0,508.6249084472656,64.62490844726562,64.62490844726562,14.55515956019496
XGBoost,10,1,2017-06-30_batchdata_updated_struct_errorcorrect_cell_006,batch2,480.0,477.7730407714844,-2.226959228515625,2.226959228515625,0.46394983927408856
XGBoost,10,1,2017-06-30_batchdata_updated_struct_errorcorrect_cell_011,batch2,561.0,479.6018371582031,-81.39816284179688,81.39816284179688,14.509476442388033
XGBoost,10,1,2017-06-30_batchdata_updated_struct_errorcorrect_cell_014,batch2,483.0,486.3701171875,3.3701171875,3.3701171875,0.6977468297101449
XGBoost,10,1,2017-06-30_batchdata_updated_struct_errorcorrect_cell_030,batch2,498.0,577.4609375,79.4609375,79.4609375,15.95601154618474
XGBoost,10,1,2017-06-30_batchdata_updated_struct_errorcorrect_cell_032,batch2,492.0,490.7712097167969,-1.228790283203125,1.228790283203125,0.24975412260226118
XGBoost,10,1,2017-06-30_batchdata_updated_struct_errorcorrect_cell_038,batch2,478.0,598.4373168945312,120.43731689453125,120.43731689453125,25.196091400529554
XGBoost,10,1,2017-06-30_batchdata_updated_struct_errorcorrect_cell_043,batch2,466.0,476.296875,10.296875,10.296875,2.20962982832618
XGBoost,10,1,2017-06-30_batchdata_updated_struct_errorcorrect_cell_045,batch2,457.0,492.07843017578125,35.07843017578125,35.07843017578125,7.6758052901053055
XGBoost,10,1,2017-06-30_batchdata_updated_struct_errorcorrect_cell_048,batch2,713.0,527.7017211914062,-185.29827880859375,185.29827880859375,25.988538402327315
XGBoost,10,1,2018-04-12_batchdata_updated_struct_errorcorrect_cell_002,batch3,1063.0,901.26708984375,-161.73291015625,161.73291015625,15.21476106832079
XGBoost,10,1,2018-04-12_batchdata_updated_struct_errorcorrect_cell_007,batch3,667.0,1160.7728271484375,493.7728271484375,493.7728271484375,74.02890961745689
XGBoost,10,1,2018-04-12_batchdata_updated_struct_errorcorrect_cell_016,batch3,876.0,954.627685546875,78.627685546875,78.627685546875,8.975763190282535
XGBoost,10,1,2018-04-12_batchdata_updated_struct_errorcorrect_cell_018,batch3,1315.0,917.0274658203125,-397.9725341796875,397.9725341796875,30.264071040280417
XGBoost,10,1,2018-04-12_batchdata_updated_struct_errorcorrect_cell_020,batch3,1155.0,1006.2261352539062,-148.77386474609375,148.77386474609375,12.880854090570887
XGBoost,10,1,2018-04-12_batchdata_updated_struct_errorcorrect_cell_025,batch3,825.0,981.072021484375,156.072021484375,156.072021484375,18.917820785984848
XGBoost,10,1,2018-04-12_batchdata_updated_struct_errorcorrect_cell_029,batch3,541.0,1082.5791015625,541.5791015625,541.5791015625,100.10704280268021
XGBoost,10,1,2018-04-12_batchdata_updated_struct_errorcorrect_cell_034,batch3,1284.0,1007.1362915039062,-276.86370849609375,276.86370849609375,21.56259411963347
XGBoost,10,1,2018-04-12_batchdata_updated_struct_errorcorrect_cell_035,batch3,1158.0,866.8695678710938,-291.13043212890625,291.13043212890625,25.140797247746654
XGBoost,10,1,2018-04-12_batchdata_updated_struct_errorcorrect_cell_037,batch3,923.0,1125.3829345703125,202.3829345703125,202.3829345703125,21.92664513221154
XGBoost,10,1,2018-04-12_batchdata_updated_struct_errorcorrect_cell_042,batch3,786.0,729.5997924804688,-56.40020751953125,56.40020751953125,7.175598921059956
XGBoost,10,2,2017-05-12_batchdata_updated_struct_errorcorrect_cell_001,batch1,1190.0,1001.5601196289062,-188.43988037109375,188.43988037109375,15.835284064797793
XGBoost,10,2,2017-05-12_batchdata_updated_struct_errorcorrect_cell_003,batch1,1177.0,895.376953125,-281.623046875,281.623046875,23.92719174808836
XGBoost,10,2,2017-05-12_batchdata_updated_struct_errorcorrect_cell_004,batch1,1226.0,910.1366577148438,-315.86334228515625,315.86334228515625,25.76373101836511
XGBoost,10,2,2017-05-12_batchdata_updated_struct_errorcorrect_cell_006,batch1,1074.0,912.3466186523438,-161.65338134765625,161.65338134765625,15.051525265144901
XGBoost,10,2,2017-05-12_batchdata_updated_struct_errorcorrect_cell_018,batch1,857.0,729.876953125,-127.123046875,127.123046875,14.833494384480748
XGBoost,10,2,2017-05-12_batchdata_updated_struct_errorcorrect_cell_019,batch1,691.0,739.4380493164062,48.43804931640625,48.43804931640625,7.009847947381512
XGBoost,10,2,2017-05-12_batchdata_updated_struct_errorcorrect_cell_030,batch1,917.0,814.3516845703125,-102.6483154296875,102.6483154296875,11.193927527773992
XGBoost,10,2,2017-05-12_batchdata_updated_struct_errorcorrect_cell_031,batch1,709.0,764.5569458007812,55.55694580078125,55.55694580078125,7.835958505046721
XGBoost,10,2,2017-05-12_batchdata_updated_struct_errorcorrect_cell_034,batch1,757.0,685.4826049804688,-71.51739501953125,71.51739501953125,9.447476224508751
XGBoost,10,2,2017-05-12_batchdata_updated_struct_errorcorrect_cell_035,batch1,742.0,861.9982299804688,119.99822998046875,119.99822998046875,16.172268191437837
XGBoost,10,2,2017-05-12_batchdata_updated_struct_errorcorrect_cell_036,batch1,703.0,882.6561889648438,179.65618896484375,179.65618896484375,25.55564565645004
XGBoost,10,2,2017-05-12_batchdata_updated_struct_errorcorrect_cell_041,batch1,966.0,906.0161743164062,-59.98382568359375,59.98382568359375,6.209505764347179
XGBoost,10,2,2017-06-30_batchdata_updated_struct_errorcorrect_cell_038,batch2,478.0,512.9507446289062,34.95074462890625,34.95074462890625,7.311871261277458
XGBoost,10,2,2017-06-30_batchdata_updated_struct_errorcorrect_cell_039,batch2,465.0,475.9466247558594,10.946624755859375,10.946624755859375,2.354112850722446
XGBoost,10,2,2017-06-30_batchdata_updated_struct_errorcorrect_cell_042,batch2,429.0,466.55267333984375,37.55267333984375,37.55267333984375,8.753536909054487
XGBoost,10,2,2017-06-30_batchdata_updated_struct_errorcorrect_cell_043,batch2,466.0,469.31793212890625,3.31793212890625,3.31793212890625,0.7120026027695815
XGBoost,10,2,2018-04-12_batchdata_updated_struct_errorcorrect_cell_001,batch3,1009.0,916.033203125,-92.966796875,92.966796875,9.213755884539147
XGBoost,10,2,2018-04-12_batchdata_updated_struct_errorcorrect_cell_010,batch3,1039.0,1086.3526611328125,47.3526611328125,47.3526611328125,4.5575227269309435
XGBoost,10,2,2018-04-12_batchdata_updated_struct_errorcorrect_cell_012,batch3,817.0,1131.0023193359375,314.0023193359375,314.0023193359375,38.43357641810741
XGBoost,10,2,2018-04-12_batchdata_updated_struct_errorcorrect_cell_015,batch3,858.0,1012.2076416015625,154.2076416015625,154.2076416015625,17.972918601580712
XGBoost,10,2,2018-04-12_batchdata_updated_struct_errorcorrect_cell_017,batch3,1638.0,997.5736083984375,-640.4263916015625,640.4263916015625,39.09807030534569
XGBoost,10,2,2018-04-12_batchdata_updated_struct_errorcorrect_cell_027,batch3,1028.0,1222.3251953125,194.3251953125,194.3251953125,18.903229116001945
XGBoost,10,2,2018-04-12_batchdata_updated_struct_errorcorrect_cell_030,batch3,858.0,932.1801147460938,74.18011474609375,74.18011474609375,8.645701019358246
XGBoost,10,2,2018-04-12_batchdata_updated_struct_errorcorrect_cell_034,batch3,1284.0,1039.0665283203125,-244.9334716796875,244.9334716796875,19.07581555137753
XGBoost,10,2,2018-04-12_batchdata_updated_struct_errorcorrect_cell_042,batch3,786.0,630.1346435546875,-155.8653564453125,155.8653564453125,19.830198021032125
XGBoost,10,3,2017-05-12_batchdata_updated_struct_errorcorrect_cell_006,batch1,1074.0,781.5614013671875,-292.4385986328125,292.4385986328125,27.228919798213454
XGBoost,10,3,2017-05-12_batchdata_updated_struct_errorcorrect_cell_007,batch1,636.0,624.8932495117188,-11.10675048828125,11.10675048828125,1.746344416396423
XGBoost,10,3,2017-05-12_batchdata_updated_struct_errorcorrect_cell_010,batch1,1054.0,987.6699829101562,-66.33001708984375,66.33001708984375,6.293170501882709
XGBoost,10,3,2017-05-12_batchdata_updated_struct_errorcorrect_cell_020,batch1,788.0,794.27099609375,6.27099609375,6.27099609375,0.7958116870241116
XGBoost,10,3,2017-05-12_batchdata_updated_struct_errorcorrect_cell_022,batch1,559.0,612.5194702148438,53.51947021484375,53.51947021484375,9.574144940043606
XGBoost,10,3,2017-05-12_batchdata_updated_struct_errorcorrect_cell_029,batch1,860.0,750.4346923828125,-109.5653076171875,109.5653076171875,12.740152048510176
XGBoost,10,3,2017-05-12_batchdata_updated_struct_errorcorrect_cell_031,batch1,709.0,812.6820678710938,103.68206787109375,103.68206787109375,14.623704918348906
XGBoost,10,3,2017-05-12_batchdata_updated_struct_errorcorrect_cell_040,batch1,625.0,773.4945678710938,148.49456787109375,148.49456787109375,23.759130859375
XGBoost,10,3,2017-05-12_batchdata_updated_struct_errorcorrect_cell_041,batch1,966.0,1026.886962890625,60.886962890625,60.886962890625,6.302998228843168
XGBoost,10,3,2017-06-30_batchdata_updated_struct_errorcorrect_cell_002,batch2,148.0,457.5585021972656,309.5585021972656,309.5585021972656,209.1611501332876
XGBoost,10,3,2017-06-30_batchdata_updated_struct_errorcorrect_cell_015,batch2,485.0,520.1378784179688,35.13787841796875,35.13787841796875,7.244923385148196
XGBoost,10,3,2017-06-30_batchdata_updated_struct_errorcorrect_cell_018,batch2,494.0,474.7121276855469,-19.287872314453125,19.287872314453125,3.9044275940188515
XGBoost,10,3,2017-06-30_batchdata_updated_struct_errorcorrect_cell_023,batch2,513.0,494.0262145996094,-18.973785400390625,18.973785400390625,3.6985936453003165
XGBoost,10,3,2017-06-30_batchdata_updated_struct_errorcorrect_cell_024,batch2,527.0,476.2449035644531,-50.755096435546875,50.755096435546875,9.630948090236599
XGBoost,10,3,2017-06-30_batchdata_updated_struct_errorcorrect_cell_030,batch2,498.0,602.817626953125,104.817626953125,104.817626953125,21.047716255647593
XGBoost,10,3,2017-06-30_batchdata_updated_struct_errorcorrect_cell_040,batch2,459.0,520.134521484375,61.134521484375,61.134521484375,13.319067861519606
XGBoost,10,3,2017-06-30_batchdata_updated_struct_errorcorrect_cell_041,batch2,499.0,503.5018310546875,4.5018310546875,4.5018310546875,0.9021705520415831
XGBoost,10,3,2018-04-12_batchdata_updated_struct_errorcorrect_cell_005,batch3,1048.0,972.94140625,-75.05859375,75.05859375,7.1620795562977095
XGBoost,10,3,2018-04-12_batchdata_updated_struct_errorcorrect_cell_017,batch3,1638.0,1060.4195556640625,-577.5804443359375,577.5804443359375,35.26132138803037
XGBoost,10,3,2018-04-12_batchdata_updated_struct_errorcorrect_cell_021,batch3,813.0,877.3109741210938,64.31097412109375,64.31097412109375,7.9103289201837335
XGBoost,10,3,2018-04-12_batchdata_updated_struct_errorcorrect_cell_028,batch3,850.0,1058.111572265625,208.111572265625,208.111572265625,24.483714384191178
XGBoost,10,3,2018-04-12_batchdata_updated_struct_errorcorrect_cell_031,batch3,935.0,876.671142578125,-58.328857421875,58.328857421875,6.238380472927807
XGBoost,10,3,2018-04-12_batchdata_updated_struct_errorcorrect_cell_035,batch3,1158.0,1039.8529052734375,-118.1470947265625,118.1470947265625,10.202685209547711
XGBoost,10,3,2018-04-12_batchdata_updated_struct_errorcorrect_cell_041,batch3,796.0,928.1851196289062,132.18511962890625,132.18511962890625,16.606170807651537
XGBoost,10,3,2018-04-12_batchdata_updated_struct_errorcorrect_cell_046,batch3,1801.0,941.130615234375,-859.869384765625,859.869384765625,47.743996933127434
XGBoost,10,4,2017-05-12_batchdata_updated_struct_errorcorrect_cell_003,batch1,1177.0,1059.397216796875,-117.602783203125,117.602783203125,9.991740289135514
XGBoost,10,4,2017-05-12_batchdata_updated_struct_errorcorrect_cell_006,batch1,1074.0,847.796142578125,-226.203857421875,226.203857421875,21.061811678014433
XGBoost,10,4,2017-05-12_batchdata_updated_struct_errorcorrect_cell_008,batch1,870.0,845.4661254882812,-24.53387451171875,24.53387451171875,2.8199855760596266
XGBoost,10,4,2017-05-12_batchdata_updated_struct_errorcorrect_cell_018,batch1,857.0,711.1861572265625,-145.8138427734375,145.8138427734375,17.014450732023047
XGBoost,10,4,2017-05-12_batchdata_updated_struct_errorcorrect_cell_021,batch1,534.0,761.0372314453125,227.0372314453125,227.0372314453125,42.51633547665028
XGBoost,10,4,2017-05-12_batchdata_updated_struct_errorcorrect_cell_024,batch1,1014.0,859.1389770507812,-154.86102294921875,154.86102294921875,15.27229023167838
XGBoost,10,4,2017-05-12_batchdata_updated_struct_errorcorrect_cell_025,batch1,1017.0,889.1484375,-127.8515625,127.8515625,12.571441740412977
XGBoost,10,4,2017-05-12_batchdata_updated_struct_errorcorrect_cell_026,batch1,854.0,920.7467651367188,66.74676513671875,66.74676513671875,7.815780460974092
XGBoost,10,4,2017-05-12_batchdata_updated_struct_errorcorrect_cell_030,batch1,917.0,868.5730590820312,-48.42694091796875,48.42694091796875,5.281018638818838
XGBoost,10,4,2017-05-12_batchdata_updated_struct_errorcorrect_cell_031,batch1,709.0,796.5336303710938,87.53363037109375,87.53363037109375,12.346069163764986
XGBoost,10,4,2017-05-12_batchdata_updated_struct_errorcorrect_cell_032,batch1,876.0,771.8480224609375,-104.1519775390625,104.1519775390625,11.889495152861015
XGBoost,10,4,2017-05-12_batchdata_updated_struct_errorcorrect_cell_035,batch1,742.0,912.514404296875,170.514404296875,170.514404296875,22.980377937584233
XGBoost,10,4,2017-05-12_batchdata_updated_struct_errorcorrect_cell_040,batch1,625.0,708.2698974609375,83.2698974609375,83.2698974609375,13.323183593749999
XGBoost,10,4,2017-05-12_batchdata_updated_struct_errorcorrect_cell_041,batch1,966.0,968.5659790039062,2.56597900390625,2.56597900390625,0.2656292964706263
XGBoost,10,4,2017-06-30_batchdata_updated_struct_errorcorrect_cell_025,batch2,495.0,490.6397399902344,-4.360260009765625,4.360260009765625,0.8808606080334597
XGBoost,10,4,2017-06-30_batchdata_updated_struct_errorcorrect_cell_029,batch2,509.0,493.9081726074219,-15.091827392578125,15.091827392578125,2.964995558463286
XGBoost,10,4,2017-06-30_batchdata_updated_struct_errorcorrect_cell_041,batch2,499.0,511.1558837890625,12.1558837890625,12.1558837890625,2.436048855523547
XGBoost,10,4,2017-06-30_batchdata_updated_struct_errorcorrect_cell_044,batch2,462.0,510.5948181152344,48.594818115234375,48.594818115234375,10.51835889940138
XGBoost,10,4,2017-06-30_batchdata_updated_struct_errorcorrect_cell_046,batch2,487.0,474.1838684082031,-12.816131591796875,12.816131591796875,2.631649197494225
XGBoost,10,4,2017-06-30_batchdata_updated_struct_errorcorrect_cell_047,batch2,429.0,495.9299011230469,66.92990112304688,66.92990112304688,15.601375553157778
XGBoost,10,4,2017-06-30_batchdata_updated_struct_errorcorrect_cell_048,batch2,713.0,531.5446166992188,-181.45538330078125,181.45538330078125,25.449562875284887
XGBoost,10,4,2018-04-12_batchdata_updated_struct_errorcorrect_cell_004,batch3,1115.0,991.2732543945312,-123.72674560546875,123.72674560546875,11.096569112598093
XGBoost,10,4,2018-04-12_batchdata_updated_struct_errorcorrect_cell_017,batch3,1638.0,1094.30615234375,-543.69384765625,543.69384765625,33.19254259195665
XGBoost,10,4,2018-04-12_batchdata_updated_struct_errorcorrect_cell_031,batch3,935.0,913.34716796875,-21.65283203125,21.65283203125,2.315810912433155
XGBoost,10,4,2018-04-12_batchdata_updated_struct_errorcorrect_cell_037,batch3,923.0,1282.5189208984375,359.5189208984375,359.5189208984375,38.951129024749456
XGBoost,10,5,2017-05-12_batchdata_updated_struct_errorcorrect_cell_007,batch1,636.0,669.16943359375,33.16943359375,33.16943359375,5.215319747444969
XGBoost,10,5,2017-05-12_batchdata_updated_struct_errorcorrect_cell_015,batch1,880.0,753.2216186523438,-126.77838134765625,126.77838134765625,14.406634244051848
XGBoost,10,5,2017-05-12_batchdata_updated_struct_errorcorrect_cell_022,batch1,559.0,605.9801635742188,46.98016357421875,46.98016357421875,8.404322642972943
XGBoost,10,5,2017-05-12_batchdata_updated_struct_errorcorrect_cell_026,batch1,854.0,864.2178344726562,10.21783447265625,10.21783447265625,1.196467736844994
XGBoost,10,5,2017-05-12_batchdata_updated_struct_errorcorrect_cell_029,batch1,860.0,737.3587036132812,-122.64129638671875,122.64129638671875,14.260615858920787
XGBoost,10,5,2017-05-12_batchdata_updated_struct_errorcorrect_cell_034,batch1,757.0,673.7152099609375,-83.2847900390625,83.2847900390625,11.001953770021466
XGBoost,10,5,2017-05-12_batchdata_updated_struct_errorcorrect_cell_041,batch1,966.0,996.9974975585938,30.99749755859375,30.99749755859375,3.208850678943452
XGBoost,10,5,2017-05-12_batchdata_updated_struct_errorcorrect_cell_043,batch1,702.0,827.601318359375,125.601318359375,125.601318359375,17.89192569221866
XGBoost,10,5,2017-06-30_batchdata_updated_struct_errorcorrect_cell_002,batch2,148.0,452.30853271484375,304.30853271484375,304.30853271484375,205.6138734559755
XGBoost,10,5,2017-06-30_batchdata_updated_struct_errorcorrect_cell_003,batch2,438.0,485.3960266113281,47.396026611328125,47.396026611328125,10.821010641855738
XGBoost,10,5,2017-06-30_batchdata_updated_struct_errorcorrect_cell_013,batch2,458.0,459.3015441894531,1.301544189453125,1.301544189453125,0.2841799540290666
XGBoost,10,5,2017-06-30_batchdata_updated_struct_errorcorrect_cell_022,batch2,489.0,483.7952880859375,-5.2047119140625,5.2047119140625,1.064358264634458
XGBoost,10,5,2017-06-30_batchdata_updated_struct_errorcorrect_cell_024,batch2,527.0,486.93634033203125,-40.06365966796875,40.06365966796875,7.6022124607151325
XGBoost,10,5,2017-06-30_batchdata_updated_struct_errorcorrect_cell_025,batch2,495.0,481.3218688964844,-13.678131103515625,13.678131103515625,2.763258808791035
XGBoost,10,5,2017-06-30_batchdata_updated_struct_errorcorrect_cell_029,batch2,509.0,490.49163818359375,-18.50836181640625,18.50836181640625,3.6362203961505406
XGBoost,10,5,2017-06-30_batchdata_updated_struct_errorcorrect_cell_046,batch2,487.0,485.52813720703125,-1.47186279296875,1.47186279296875,0.3022305529709959
XGBoost,10,5,2018-04-12_batchdata_updated_struct_errorcorrect_cell_006,batch3,828.0,1050.6729736328125,222.6729736328125,222.6729736328125,26.89287121169233
XGBoost,10,5,2018-04-12_batchdata_updated_struct_errorcorrect_cell_007,batch3,667.0,1041.9580078125,374.9580078125,374.9580078125,56.21559337518741
XGBoost,10,5,2018-04-12_batchdata_updated_struct_errorcorrect_cell_009,batch3,828.0,950.605224609375,122.605224609375,122.605224609375,14.807394276494565
XGBoost,10,5,2018-04-12_batchdata_updated_struct_errorcorrect_cell_013,batch3,932.0,1167.795166015625,235.795166015625,235.795166015625,25.29991051669796
XGBoost,10,5,2018-04-12_batchdata_updated_struct_errorcorrect_cell_019,batch3,1146.0,948.9236450195312,-197.07635498046875,197.07635498046875,17.196889614351548
XGBoost,10,5,2018-04-12_batchdata_updated_struct_errorcorrect_cell_025,batch3,825.0,1158.749755859375,333.749755859375,333.749755859375,40.45451586174242
XGBoost,10,5,2018-04-12_batchdata_updated_struct_errorcorrect_cell_026,batch3,989.0,1066.4127197265625,77.4127197265625,77.4127197265625,7.827373076497725
XGBoost,10,5,2018-04-12_batchdata_updated_struct_errorcorrect_cell_036,batch3,1093.0,1007.4517211914062,-85.54827880859375,85.54827880859375,7.826923953210773
XGBoost,10,5,2018-04-12_batchdata_updated_struct_errorcorrect_cell_046,batch3,1801.0,982.9912109375,-818.0087890625,818.0087890625,45.41969955927262
XGBoost,10,10,2017-05-12_batchdata_updated_struct_errorcorrect_cell_002,batch1,1179.0,1059.0179443359375,-119.9820556640625,119.9820556640625,10.176595052083332
XGBoost,10,10,2017-05-12_batchdata_updated_struct_errorcorrect_cell_003,batch1,1177.0,1057.2845458984375,-119.7154541015625,119.7154541015625,10.171236542188828
XGBoost,10,10,2017-05-12_batchdata_updated_struct_errorcorrect_cell_015,batch1,880.0,771.3772583007812,-108.62274169921875,108.62274169921875,12.34349337491122
XGBoost,10,10,2017-05-12_batchdata_updated_struct_errorcorrect_cell_032,batch1,876.0,770.4276733398438,-105.57232666015625,105.57232666015625,12.051635463488157
XGBoost,10,10,2017-05-12_batchdata_updated_struct_errorcorrect_cell_043,batch1,702.0,833.536865234375,131.536865234375,131.536865234375,18.737445190081907
XGBoost,10,10,2017-05-12_batchdata_updated_struct_errorcorrect_cell_044,batch1,651.0,1138.498779296875,487.498779296875,487.498779296875,74.88460511472735
XGBoost,10,10,2017-05-12_batchdata_updated_struct_errorcorrect_cell_045,batch1,616.0,646.7219848632812,30.72198486328125,30.72198486328125,4.987335205078125
XGBoost,10,10,2017-06-30_batchdata_updated_struct_errorcorrect_cell_003,batch2,438.0,463.8538513183594,25.853851318359375,25.853851318359375,5.902705780447346
XGBoost,10,10,2017-06-30_batchdata_updated_struct_errorcorrect_cell_005,batch2,444.0,455.73638916015625,11.73638916015625,11.73638916015625,2.643330891927083
XGBoost,10,10,2017-06-30_batchdata_updated_struct_errorcorrect_cell_007,batch2,511.0,467.45904541015625,-43.54095458984375,43.54095458984375,8.52073475339408
XGBoost,10,10,2017-06-30_batchdata_updated_struct_errorcorrect_cell_011,batch2,561.0,467.53057861328125,-93.46942138671875,93.46942138671875,16.661215933461452
XGBoost,10,10,2017-06-30_batchdata_updated_struct_errorcorrect_cell_015,batch2,485.0,488.273681640625,3.273681640625,3.273681640625,0.6749859052835052
XGBoost,10,10,2017-06-30_batchdata_updated_struct_errorcorrect_cell_020,batch2,461.0,565.8580932617188,104.85809326171875,104.85809326171875,22.745790295383678
XGBoost,10,10,2017-06-30_batchdata_updated_struct_errorcorrect_cell_026,batch2,461.0,546.7184448242188,85.71844482421875,85.71844482421875,18.594022738442245
XGBoost,10,10,2017-06-30_batchdata_updated_struct_errorcorrect_cell_028,batch2,468.0,523.4876708984375,55.4876708984375,55.4876708984375,11.856339935563568
XGBoost,10,10,2017-06-30_batchdata_updated_struct_errorcorrect_cell_033,batch2,519.0,496.556884765625,-22.443115234375,22.443115234375,4.324299659802504
XGBoost,10,10,2017-06-30_batchdata_updated_struct_errorcorrect_cell_046,batch2,487.0,474.74908447265625,-12.25091552734375,12.25091552734375,2.5155884039720227
XGBoost,10,10,2017-06-30_batchdata_updated_struct_errorcorrect_cell_047,batch2,429.0,494.7281494140625,65.7281494140625,65.7281494140625,15.321246949664918
XGBoost,10,10,2017-06-30_batchdata_updated_struct_errorcorrect_cell_048,batch2,713.0,564.542724609375,-148.457275390625,148.457275390625,20.821497249737025
XGBoost,10,10,2018-04-12_batchdata_updated_struct_errorcorrect_cell_005,batch3,1048.0,851.1729125976562,-196.82708740234375,196.82708740234375,18.781210629994632
XGBoost,10,10,2018-04-12_batchdata_updated_struct_errorcorrect_cell_014,batch3,816.0,873.9367065429688,57.93670654296875,57.93670654296875,7.100086586148131
XGBoost,10,10,2018-04-12_batchdata_updated_struct_errorcorrect_cell_015,batch3,858.0,1025.3013916015625,167.3013916015625,167.3013916015625,19.498996690158798
XGBoost,10,10,2018-04-12_batchdata_updated_struct_errorcorrect_cell_019,batch3,1146.0,821.3865356445312,-324.61346435546875,324.61346435546875,28.325782229971097
XGBoost,10,10,2018-04-12_batchdata_updated_struct_errorcorrect_cell_035,batch3,1158.0,1036.183349609375,-121.816650390625,121.816650390625,10.519572572592832
XGBoost,10,10,2018-04-12_batchdata_updated_struct_errorcorrect_cell_036,batch3,1093.0,1078.2830810546875,-14.7169189453125,14.7169189453125,1.3464701688300549
XGBoost,10,21,2017-05-12_batchdata_updated_struct_errorcorrect_cell_008,batch1,870.0,839.2338256835938,-30.76617431640625,30.76617431640625,3.5363418754489944
XGBoost,10,21,2017-05-12_batchdata_updated_struct_errorcorrect_cell_016,batch1,719.0,670.5479736328125,-48.4520263671875,48.4520263671875,6.738807561500347
XGBoost,10,21,2017-05-12_batchdata_updated_struct_errorcorrect_cell_018,batch1,857.0,736.857666015625,-120.142333984375,120.142333984375,14.018942121864061
XGBoost,10,21,2017-05-12_batchdata_updated_struct_errorcorrect_cell_025,batch1,1017.0,889.6378784179688,-127.36212158203125,127.36212158203125,12.523315789776918
XGBoost,10,21,2017-05-12_batchdata_updated_struct_errorcorrect_cell_027,batch1,870.0,749.0553588867188,-120.94464111328125,120.94464111328125,13.901682886584052
XGBoost,10,21,2017-05-12_batchdata_updated_struct_errorcorrect_cell_029,batch1,860.0,728.8169555664062,-131.18304443359375,131.18304443359375,15.253842375999275
XGBoost,10,21,2017-05-12_batchdata_updated_struct_errorcorrect_cell_032,batch1,876.0,777.8898315429688,-98.11016845703125,98.11016845703125,11.199790919752425
XGBoost,10,21,2017-05-12_batchdata_updated_struct_errorcorrect_cell_042,batch1,1051.0,890.9141845703125,-160.0858154296875,160.0858154296875,15.23176169644981
XGBoost,10,21,2017-05-12_batchdata_updated_struct_errorcorrect_cell_043,batch1,702.0,776.465576171875,74.465576171875,74.465576171875,10.607631933315528
XGBoost,10,21,2017-06-30_batchdata_updated_struct_errorcorrect_cell_002,batch2,148.0,470.0591735839844,322.0591735839844,322.0591735839844,217.60754971890836
XGBoost,10,21,2017-06-30_batchdata_updated_struct_errorcorrect_cell_005,batch2,444.0,472.5919189453125,28.5919189453125,28.5919189453125,6.439621384079391
XGBoost,10,21,2017-06-30_batchdata_updated_struct_errorcorrect_cell_019,batch2,487.0,454.97015380859375,-32.02984619140625,32.02984619140625,6.57697047051463
XGBoost,10,21,2017-06-30_batchdata_updated_struct_errorcorrect_cell_027,batch2,471.0,525.7191772460938,54.71917724609375,54.71917724609375,11.617659712546443
XGBoost,10,21,2017-06-30_batchdata_updated_struct_errorcorrect_cell_029,batch2,509.0,484.2702331542969,-24.729766845703125,24.729766845703125,4.85850036261358
XGBoost,10,21,2017-06-30_batchdata_updated_struct_errorcorrect_cell_032,batch2,492.0,498.62353515625,6.62353515625,6.62353515625,1.3462469829776422
XGBoost,10,21,2017-06-30_batchdata_updated_struct_errorcorrect_cell_046,batch2,487.0,472.794677734375,-14.205322265625,14.205322265625,2.916903955980493
XGBoost,10,21,2017-06-30_batchdata_updated_struct_errorcorrect_cell_048,batch2,713.0,509.11834716796875,-203.88165283203125,203.88165283203125,28.594902220481238
XGBoost,10,21,2018-04-12_batchdata_updated_struct_errorcorrect_cell_004,batch3,1115.0,849.15625,-265.84375,265.84375,23.842488789237667
XGBoost,10,21,2018-04-12_batchdata_updated_struct_errorcorrect_cell_010,batch3,1039.0,1004.213134765625,-34.786865234375,34.786865234375,3.348110224675169
XGBoost,10,21,2018-04-12_batchdata_updated_struct_errorcorrect_cell_011,batch3,1078.0,995.450439453125,-82.549560546875,82.549560546875,7.657658677817718
XGBoost,10,21,2018-04-12_batchdata_updated_struct_errorcorrect_cell_019,batch3,1146.0,956.6824951171875,-189.3175048828125,189.3175048828125,16.519852084015053
XGBoost,10,21,2018-04-12_batchdata_updated_struct_errorcorrect_cell_022,batch3,772.0,1164.50048828125,392.50048828125,392.50048828125,50.84203216078368
XGBoost,10,21,2018-04-12_batchdata_updated_struct_errorcorrect_cell_028,batch3,850.0,1127.3936767578125,277.3936767578125,277.3936767578125,32.63455020680147
XGBoost,10,21,2018-04-12_batchdata_updated_struct_errorcorrect_cell_035,batch3,1158.0,1055.7423095703125,-102.2576904296875,102.2576904296875,8.83054321499892
XGBoost,10,21,2018-04-12_batchdata_updated_struct_errorcorrect_cell_036,batch3,1093.0,1178.03173828125,85.03173828125,85.03173828125,7.779664984560841
XGBoost,10,42,2017-05-12_batchdata_updated_struct_errorcorrect_cell_001,batch1,1190.0,1046.05517578125,-143.94482421875,143.94482421875,12.096203715861344
XGBoost,10,42,2017-05-12_batchdata_updated_struct_errorcorrect_cell_005,batch1,1227.0,1042.1927490234375,-184.8072509765625,184.8072509765625,15.061715646011614
XGBoost,10,42,2017-05-12_batchdata_updated_struct_errorcorrect_cell_015,batch1,880.0,840.1434936523438,-39.85650634765625,39.85650634765625,4.529148448597301
XGBoost,10,42,2017-05-12_batchdata_updated_struct_errorcorrect_cell_016,batch1,719.0,668.4479370117188,-50.55206298828125,50.55206298828125,7.030884977507823
XGBoost,10,42,2017-05-12_batchdata_updated_struct_errorcorrect_cell_024,batch1,1014.0,928.6231689453125,-85.3768310546875,85.3768310546875,8.419805823933677
XGBoost,10,42,2017-05-12_batchdata_updated_struct_errorcorrect_cell_025,batch1,1017.0,915.8222045898438,-101.17779541015625,101.17779541015625,9.94865244937623
XGBoost,10,42,2017-05-12_batchdata_updated_struct_errorcorrect_cell_032,batch1,876.0,777.424560546875,-98.575439453125,98.575439453125,11.252904047160389
XGBoost,10,42,2017-05-12_batchdata_updated_struct_errorcorrect_cell_033,batch1,731.0,823.0401611328125,92.0401611328125,92.0401611328125,12.590993315022232
XGBoost,10,42,2017-05-12_batchdata_updated_struct_errorcorrect_cell_037,batch1,704.0,896.0929565429688,192.09295654296875,192.09295654296875,27.285931327126246
XGBoost,10,42,2017-05-12_batchdata_updated_struct_errorcorrect_cell_042,batch1,1051.0,859.478759765625,-191.521240234375,191.521240234375,18.222763105078496
XGBoost,10,42,2017-06-30_batchdata_updated_struct_errorcorrect_cell_002,batch2,148.0,495.53204345703125,347.53204345703125,347.53204345703125,234.81894828177786
XGBoost,10,42,2017-06-30_batchdata_updated_struct_errorcorrect_cell_004,batch2,335.0,487.71954345703125,152.71954345703125,152.71954345703125,45.58792342000933
XGBoost,10,42,2017-06-30_batchdata_updated_struct_errorcorrect_cell_007,batch2,511.0,508.496826171875,-2.503173828125,2.503173828125,0.4898578920009785
XGBoost,10,42,2017-06-30_batchdata_updated_struct_errorcorrect_cell_018,batch2,494.0,485.6357727050781,-8.364227294921875,8.364227294921875,1.6931634200246708
XGBoost,10,42,2017-06-30_batchdata_updated_struct_errorcorrect_cell_021,batch2,502.0,512.798095703125,10.798095703125,10.798095703125,2.151015080303785
XGBoost,10,42,2017-06-30_batchdata_updated_struct_errorcorrect_cell_041,batch2,499.0,508.47625732421875,9.47625732421875,9.47625732421875,1.8990495639716936
XGBoost,10,42,2017-06-30_batchdata_updated_struct_errorcorrect_cell_042,batch2,429.0,464.9456787109375,35.9456787109375,35.9456787109375,8.378946086465618
XGBoost,10,42,2017-06-30_batchdata_updated_struct_errorcorrect_cell_043,batch2,466.0,467.4434509277344,1.443450927734375,1.443450927734375,0.30975341796875
XGBoost,10,42,2018-04-12_batchdata_updated_struct_errorcorrect_cell_008,batch3,1836.0,1127.0330810546875,-708.9669189453125,708.9669189453125,38.61475593384055
XGBoost,10,42,2018-04-12_batchdata_updated_struct_errorcorrect_cell_013,batch3,932.0,957.9882202148438,25.98822021484375,25.98822021484375,2.788435645369501
XGBoost,10,42,2018-04-12_batchdata_updated_struct_errorcorrect_cell_018,batch3,1315.0,953.0795288085938,-361.92047119140625,361.92047119140625,27.52246929212215
XGBoost,10,42,2018-04-12_batchdata_updated_struct_errorcorrect_cell_019,batch3,1146.0,927.2391967773438,-218.76080322265625,218.76080322265625,19.089075324839115
XGBoost,10,42,2018-04-12_batchdata_updated_struct_errorcorrect_cell_032,batch3,731.0,1079.6141357421875,348.6141357421875,348.6141357421875,47.69003224927326
XGBoost,10,42,2018-04-12_batchdata_updated_struct_errorcorrect_cell_042,batch3,786.0,655.7149047851562,-130.28509521484375,130.28509521484375,16.57571185939488
XGBoost,10,42,2018-04-12_batchdata_updated_struct_errorcorrect_cell_045,batch3,940.0,988.35009765625,48.35009765625,48.35009765625,5.143627410239362
XGBoost,10,100,2017-05-12_batchdata_updated_struct_errorcorrect_cell_016,batch1,719.0,664.505859375,-54.494140625,54.494140625,7.579157249652295
XGBoost,10,100,2017-05-12_batchdata_updated_struct_errorcorrect_cell_027,batch1,870.0,797.293701171875,-72.706298828125,72.706298828125,8.357045842313218
XGBoost,10,100,2017-05-12_batchdata_updated_struct_errorcorrect_cell_031,batch1,709.0,742.8922119140625,33.8922119140625,33.8922119140625,4.780283767850847
XGBoost,10,100,2017-05-12_batchdata_updated_struct_errorcorrect_cell_032,batch1,876.0,750.6858520507812,-125.31414794921875,125.31414794921875,14.305268030732735
XGBoost,10,100,2017-05-12_batchdata_updated_struct_errorcorrect_cell_034,batch1,757.0,700.0723876953125,-56.9276123046875,56.9276123046875,7.5201601459296565
XGBoost,10,100,2017-05-12_batchdata_updated_struct_errorcorrect_cell_035,batch1,742.0,917.1940307617188,175.19403076171875,175.19403076171875,23.6110553587222
XGBoost,10,100,2017-05-12_batchdata_updated_struct_errorcorrect_cell_038,batch1,648.0,824.729736328125,176.729736328125,176.729736328125,27.27310745804398
XGBoost,10,100,2017-05-12_batchdata_updated_struct_errorcorrect_cell_039,batch1,617.0,774.640380859375,157.640380859375,157.640380859375,25.549494466673423
XGBoost,10,100,2017-05-12_batchdata_updated_struct_errorcorrect_cell_041,batch1,966.0,896.0167236328125,-69.9832763671875,69.9832763671875,7.2446455866653725
XGBoost,10,100,2017-05-12_batchdata_updated_struct_errorcorrect_cell_042,batch1,1051.0,865.0060424804688,-185.99395751953125,185.99395751953125,17.69685609129698
XGBoost,10,100,2017-06-30_batchdata_updated_struct_errorcorrect_cell_019,batch2,487.0,426.3134765625,-60.6865234375,60.6865234375,12.461298447125255
XGBoost,10,100,2017-06-30_batchdata_updated_struct_errorcorrect_cell_033,batch2,519.0,503.00439453125,-15.99560546875,15.99560546875,3.0820049072736033
XGBoost,10,100,2017-06-30_batchdata_updated_struct_errorcorrect_cell_035,batch2,499.0,499.7840270996094,0.784027099609375,0.784027099609375,0.1571196592403557
XGBoost,10,100,2017-06-30_batchdata_updated_struct_errorcorrect_cell_037,batch2,535.0,498.64935302734375,-36.35064697265625,36.35064697265625,6.794513452832944
XGBoost,10,100,2017-06-30_batchdata_updated_struct_errorcorrect_cell_046,batch2,487.0,482.2460632324219,-4.753936767578125,4.753936767578125,0.9761677140817505
XGBoost,10,100,2017-06-30_batchdata_updated_struct_errorcorrect_cell_047,batch2,429.0,500.75274658203125,71.75274658203125,71.75274658203125,16.72558195385344
XGBoost,10,100,2018-04-12_batchdata_updated_struct_errorcorrect_cell_002,batch3,1063.0,1043.053955078125,-19.946044921875,19.946044921875,1.8763918082666982
XGBoost,10,100,2018-04-12_batchdata_updated_struct_errorcorrect_cell_013,batch3,932.0,1097.7017822265625,165.7017822265625,165.7017822265625,17.779161183107565
XGBoost,10,100,2018-04-12_batchdata_updated_struct_errorcorrect_cell_019,batch3,1146.0,976.52783203125,-169.47216796875,169.47216796875,14.788147292212042
XGBoost,10,100,2018-04-12_batchdata_updated_struct_errorcorrect_cell_020,batch3,1155.0,1049.408203125,-105.591796875,105.591796875,9.142146915584416
XGBoost,10,100,2018-04-12_batchdata_updated_struct_errorcorrect_cell_022,batch3,772.0,1080.0869140625,308.0869140625,308.0869140625,39.90763135524612
XGBoost,10,100,2018-04-12_batchdata_updated_struct_errorcorrect_cell_026,batch3,989.0,1097.115478515625,108.115478515625,108.115478515625,10.931797625442366
XGBoost,10,100,2018-04-12_batchdata_updated_struct_errorcorrect_cell_030,batch3,858.0,890.0772705078125,32.0772705078125,32.0772705078125,3.738609616295163
XGBoost,10,100,2018-04-12_batchdata_updated_struct_errorcorrect_cell_035,batch3,1158.0,1020.7872924804688,-137.21270751953125,137.21270751953125,11.849111184760902
XGBoost,10,100,2018-04-12_batchdata_updated_struct_errorcorrect_cell_040,batch3,1156.0,1006.220947265625,-149.779052734375,149.779052734375,12.956665461451125
